filename,class,status,reason
-win-holding-his-fists-shout-wow-mature-hispanic-man-happy-his-win-122652456.jpg,anger,success,
g2818sb7780bmkdapg.jpg,anger,success,
g3ry3pkr1npzzhoetl.jpg,anger,success,
g417hk78zy2bj09kk9.jpg,anger,success,
g42xe2t4ugw8a2pq4w.jpg,anger,success,
g43dpf7iroibvwtjit.jpg,anger,success,
g5bu83q50sftz7rx9n.jpg,anger,success,
g5covv2gzr1gujhlty.jpg,anger,success,
g60siq9z3hzyu7zb3o.jpg,anger,success,
g6ic2rihk9g63m51h7.jpg,anger,success,
g6xgrntszdu0qzwpji.jpg,anger,success,
g6ymj0uy9mhncoyrxd.jpg,anger,success,
g7re4c8l05kbqqh5mg.jpg,anger,success,
g7upq9trwmhf1oetgg.jpg,anger,success,
g8a4mw16bnr9o25oqd.jpg,anger,success,
g913ioe8wwg2ej06h0.jpg,anger,success,
ga228xx0ev5bzcwwik.jpg,anger,success,
ga5g0gjbgz2zct7vnb.jpg,anger,failed,偵測到多於一張人臉 (2 張)
gafygi86x8rogi4mfb.jpg,anger,success,
gam6lrnz3xeebdpanc.jpg,anger,success,
ganhrce2edip06w7an.jpg,anger,success,
GBP-scam.jpg,anger,success,
gcam29n1t0ckssuqpm.jpg,anger,success,
gdli6adbasjcw7uvim.jpg,anger,success,
gdpakpqk2iqf7adgjc.jpg,anger,success,
gdshj2cuvgptj37mwa.jpg,anger,success,
ge1jkzh3eo6k6dkb2v.jpg,anger,success,
ge8kba3a8j6mwya7jg.jpg,anger,success,
gf1hzzo5a6sefs7cjo.jpg,anger,success,
gfipqz0mtdm536zrbn.jpg,anger,success,
gfv420vao1ad716x4t.jpg,anger,success,
gfyoe3zypsw0svkvot.jpg,anger,success,
gg8x0zudzwpy7arvmb.jpg,anger,success,
ggg4mn1vohwywall9e.jpg,anger,success,
ggm3qscae2y4hpt68k.jpg,anger,success,
ghcgu2wf4hd7pfalxs.jpg,anger,success,
gi0gp6m7tkndd6f112.jpg,anger,success,
gi0venvjw7zp0x7g27.jpg,anger,failed,圖片相似度過高 (與同類別中已接受圖片的最大相似度: 0.91)
gi15ysicj7gd7gnlb9.jpg,anger,failed,偵測到多於一張人臉 (2 張)
gi5wrkave87z9bp2r1.jpg,anger,success,
gifilplwl2wk7bvssp.jpg,anger,failed,偵測到多於一張人臉 (2 張)
gijjv6lo56o1tu38j2.jpg,anger,success,
gjd2m0twkxuuko294r.jpg,anger,success,
gl84brtlxrnpromxrz.jpg,anger,success,
glwcwbl2po7a150gp4.jpg,anger,success,
gm2x2u5jwf4mkibodr.jpg,anger,success,
gm73cvq8lp8dvwxm1s.jpg,anger,success,
gmd4i3btmyzwsbx2vd.jpg,anger,success,
gmpjvx38elyg0cye0d.jpg,anger,success,
gn70ulrpfpexrcnzzl.jpg,anger,success,
godupdates-lady-got-rude-with-a-Starbucks-barista-apology-letter-fb.jpg,anger,success,
goek32jzdjjkle60cz.jpg,anger,success,
gog1i3qqqj2cm5jiuc.jpg,anger,success,
gooprha47vibt86u4g.jpg,anger,success,
gr0n9z2if2cr0v5rch.jpg,anger,success,
gr551abrbhj0c3v7ix.jpg,anger,success,
gr58mgnatvb8u7gkac.jpg,anger,success,
grdh6brx51v3xinvrb.jpg,anger,success,
grumpy-senior-man.jpg,anger,success,
gs2trkwi7hos146z4w.jpg,anger,success,
gs84txnh5el02zkbp9.jpg,anger,success,
gsdbbh55557mi0cas4.jpg,anger,success,
gssths0kyu8ulve7sg.jpg,anger,success,
gthmpih8udn51ec8eo.jpg,anger,success,
gtsc9876oqghvxobog.jpg,anger,success,
gulvd21k2i0kiyrip0.jpg,anger,success,
gv232bwvvkb8m27mh1.jpg,anger,success,
gvwj848i437jakzshe.jpg,anger,success,
gvyytfxue60fydudwm.jpg,anger,success,
gx4r2iqnh7lqcr25mt.jpg,anger,success,
gxdbkax6jk36e5fqf5.jpg,anger,failed,偵測到多於一張人臉 (2 張)
gxlipu9pvronlao3ix.jpg,anger,success,
gxwahc5ypbvqdwarhb.jpg,anger,success,
gy4912de6dob9glhta.jpg,anger,success,
gy4k44w23t7we14vod.jpg,anger,success,
gya78toe8acx9f1oqb.jpg,anger,success,
gyi3tunx4pd4uep74y.jpg,anger,success,
gykfnh4c1zev1lb4ny.jpg,anger,success,
gys98nlu9hsyek632k.jpg,anger,success,
gyxnznvc0hjr3l6tt6.jpg,anger,success,
gzsdb03ebj7ayt53k7.jpg,anger,success,
h0g9s7ftd31xd88pir.jpg,anger,success,
h0uyuvx12plrieli3j.jpg,anger,success,
h0x3ec6zrclylb6cbh.jpg,anger,success,
h1p8bjurj34mvukdyi.jpg,anger,failed,偵測到多於一張人臉 (2 張)
h3isk72ncauwotdlqc.jpg,anger,failed,偵測到多於一張人臉 (2 張)
h3myzm0wa22g62u7qx.jpg,anger,success,
h3x8kpywna15busbgj.jpg,anger,failed,偵測到多於一張人臉 (3 張)
h4ckioma3zs4rutbyp.jpg,anger,success,
h4vzq9y5zc6u81cc3w.jpg,anger,success,
h6mrzcotjb74dlqb9e.jpg,anger,success,
hate-job.jpg,anger,success,
health-effects-road-rage.jpg,anger,success,
hitting-featured.jpg,anger,failed,偵測到多於一張人臉 (2 張)
I-hate-my-job.jpeg,anger,success,
i-warned-you-that-would-happen.jpg,anger,success,
ing-closeup-portrait-stunned-hands-air-yelling-gray-wall-background-56024080.jpg,anger,success,
internal-1.jpg,anger,success,
ion-hack-business-computer-malware-ransomware-cyber-extortion-hack-232720009.jpg,anger,success,
iStock-1136561750-768x512.jpg,anger,success,
iStock_000040016530_Large.jpg,anger,success,
iStock_1054346638.jpg,anger,success,
ive-had-it.jpg,anger,success,
laflor.jpg,anger,success,
Learn-How-to-Protect-Yourself-from-Aggressive-Drivers-on-the-Road-1024x683.jpg,anger,success,
lemon-car-law.jpg,anger,failed,偵測到多於一張人臉 (2 張)
little-child-boy-looking-at-the-camera-posing-at-a-playground.jpg,anger,success,
mad-male-employee-blaming-female-colleague-for-mistake.jpg,anger,success,
mad-young-woman-worker-losing-job-result-on-broken-pc.jpg,anger,success,
mature-mom-listens-with-displeased-look-on-her-face.jpg,anger,success,
maxresdefault.jpg,anger,success,
maxresdefault2.jpg,anger,success,
maxresdefault3.jpg,anger,success,
men-feeling-angry-when-playing-a-video-game-in-the-living-room.jpg,anger,success,
millennial-businessman-rejecting-giving-interview-to-journalist.jpg,anger,success,
moaning-child.jpg,anger,success,
mother-furious-ex-husband-new-wife.jpg,anger,success,
mother-scolding-daughter.jpg,anger,success,
OIP.0846U2L7OhuSwKhrPv2QyAHaE8.jpg,anger,success,
OIP.2U-VMhf313UA984u5UOmFgHaE8.jpg,anger,success,
OIP.4KY2OX8QTAff8PFMslU-rQHaFU.jpg,anger,success,
OIP.5HgV6R-8EQ-LPrPMTjVxJwHaLH.jpg,anger,success,
OIP.6t0EWZ09nvNTr_GNGp-zKwAAAA.jpg,anger,success,
OIP.a91Dc2_byAp1-rnzaCOd9wHaEK.jpg,anger,success,
OIP.Bfvrze8Og25wDZ0N3KmMPgHaEK.jpg,anger,success,
OIP.dn2dWcF-BTEj-RKzuFdqhwAAAA.jpg,anger,success,
OIP.E5pUSID04ha-h8WMV54oUAHaE7.jpg,anger,success,
OIP.EafjNj5586se3BZMZrjAsQHaE7.jpg,anger,success,
OIP.gyAGims-MsWI4bYqkhv0LQHaEK.jpg,anger,success,
OIP.kLZCOln4Sk4OyWEhd2_vowHaFj.jpg,anger,success,
OIP.kOfxt7Je5QHGbLYJsIn4QQHaE8.jpg,anger,failed,圖片相似度過高 (與同類別中已接受圖片的最大相似度: 0.99)
OIP.MF3dd0ht-oeUp7-D0StvogAAAA.jpg,anger,success,
OIP.MvQ8S8d9C8Fvnl_EyV5aCgHaE8.jpg,anger,failed,圖片相似度過高 (與同類別中已接受圖片的最大相似度: 0.99)
OIP.mZOr1_UhZJePTPnSDiLjJAHaEo.jpg,anger,success,
OIP.n32UvivttuagnNJAx-gC6QHaE7.jpg,anger,failed,圖片相似度過高 (與同類別中已接受圖片的最大相似度: 0.97)
OIP.OcZRZQPF5GXCjL0NSRT0cQHaE8.jpg,anger,failed,圖片相似度過高 (與同類別中已接受圖片的最大相似度: 0.91)
OIP.PrYpWZCzXs86uw0VYRO5KwHaD8.jpg,anger,success,
OIP.qEb4NKvDPMy14OO-xj1c7QHaEK.jpg,anger,success,
OIP.sBp0c140k7M62e3o4lepvQHaE6.jpg,anger,success,
OIP.Sfy_2CiV-cgyNYxx9xtgHAHaE8.jpg,anger,success,
OIP.SnnMxi6X60FXYwyUWI_33gHaEt.jpg,anger,success,
OIP.UcAZLv4p-XewVF9bdY-augEnDT.jpg,anger,success,
OIP.XjMtyUUtx9LsnbMUQjTTsAHaDt.jpg,anger,success,
OIP.zYe8gCimgCnbRfmVn437jQAAAA.jpg,anger,success,
OIP._fIX8tH_SU-ZbqmsJIBsCwHaEo.jpg,anger,success,
onlinedebate_mini.jpg,anger,success,
p1-287-cover-image-feat-1920x1008.jpg,anger,success,
pc-ran-into-problem.jpg,anger,success,
pexels1.jpg,anger,success,
portrait-angry-bald-man-aggressive-260nw-1366656503.jpg,anger,success,
portrait-annoyed-teenager-screaming-looking-camera_74580-3262.jpg,anger,success,
portrait-of-a-brazilian-wearing-a-basic-white-shirt-from-the-front-with-his-hands-raised-at.jpg,anger,success,
portrait-senior-angry-man-screaming-80764503.jpg,anger,success,
pression-displeasure-actively-gesticulating-behind-wheel-car-angry-122062745.jpg,anger,success,
pression-fear-human-emotions-facial-expressions-neutral-background-128517043.jpg,anger,success,
reactive-parenting.jpg,anger,success,
road-rage-300x168.jpg,anger,success,
road-rage-criminal-offense-law-offices-of-anthony-carbone-1024x682.jpg,anger,success,
road-rage-enraged-young-woman-260nw-1724744341.jpg,anger,failed,圖片相似度過高 (與同類別中已接受圖片的最大相似度: 0.91)
Road-Rage-iStock-425x280.jpg,anger,failed,圖片相似度過高 (與同類別中已接受圖片的最大相似度: 0.99)
road-rage-traffic-jam-concept.jpg,anger,success,
RS32811_GettyImages-1006837910-scr.jpg,anger,failed,圖片相似度過高 (與同類別中已接受圖片的最大相似度: 0.90)
Screenshot-2019-11-08-at-11.42.49.png,anger,success,
senior-angry-man-portrait-posing-white-background-39807762.jpg,anger,success,
senior-businessman-making-threatening-video-call.jpg,anger,success,
senior-man-nervous-crisis-fury-european-blue-shirt-clenching-his-teeth-143449854.jpg,anger,success,
senior-man-with-nervous-crisis-he-is-fury_262288-4023.jpg,anger,failed,圖片相似度過高 (與同類別中已接受圖片的最大相似度: 0.98)
senior-woman-feeling-worried-about-the-increase-in-groceries-prices.jpg,anger,success,
shocked-senior-man-holding-his-260nw-629995508.jpg,anger,success,
shocked-unhappy-afro-businesswoman-talk-on-phone-call-point-finger-at-laptop-screen-solving.jpg,anger,success,
shot-of-a-young-businessman-shouting-into-his-mobile-phone-against-a-studio-background.jpg,anger,success,
shot-of-a-young-businesswoman-looking-angry-while-using-a-laptop-in-an-office.jpg,anger,success,
shot-of-a-young-businesswoman-yelling-while-using-a-laptop-in-an-office-at-work.jpg,anger,success,
shutterstock_112225889.jpg,anger,success,
shutterstock_133731200.jpg,anger,success,
shutterstock_403523503.jpg,anger,success,
side-view-of-young-woman-shouting.jpg,anger,success,
Smart-Driving-Tips-16-e1551699333173.jpg,anger,success,
spammessage.jpg,anger,failed,圖片相似度過高 (與同類別中已接受圖片的最大相似度: 0.91)
stages-of-grief-02.jpg,anger,failed,圖片相似度過高 (與同類別中已接受圖片的最大相似度: 0.97)
stressed-angry-woman-driver-s-seat-modern-car-view-windshield-228347010.jpg,anger,success,
stressed-woman.jpg,anger,success,
studio-portrait-of-a-senior-woman-yelling-against-a-grey-background.jpg,anger,success,
The-First-Pit-Stop-1080x607.jpg,anger,success,
the-young-emotional-angry-woman-screaming-on-blue-studio-background.jpg,anger,success,
things-dont-feel-the-same-anymore.jpg,anger,success,
this-was-a-frustration-he-just-couldnt-deal-with.jpg,anger,success,
thoughtful-entrepreneur-leaning-against-a-glass-window-in-his-office.jpg,anger,success,
throwing-documents-yelling-burn-out-looking-screen-blunder-mistake-183655610.jpg,anger,success,
timpic_p3480931.jpg,anger,failed,圖片相似度過高 (與同類別中已接受圖片的最大相似度: 0.95)
top-notebook-office-stressed-angry-business-woman-screaming-laptop-157430629.jpg,anger,success,
turing-fear-hands-face-close-up-portrait-scared-frightened-old-man-131232122.jpg,anger,success,
two-angry-businesspeople-disputing.jpg,anger,failed,偵測到多於一張人臉 (2 張)
upset-fat-woman-looking-annoyed-and-looking-at-the-camera.jpg,anger,success,
upset-furious-woman-fighting-and-blaming-with-a-finger.jpg,anger,success,
upset-woman-in-a-supermarket-shocked-about-the-price.jpg,anger,success,
upset.jpg,anger,success,
Virtual-Workplace-2.jpg,anger,success,
Website-Crash.jpg,anger,success,
What-Does-your-Stress-Look-Like.jpg,anger,failed,圖片相似度過高 (與同類別中已接受圖片的最大相似度: 0.99)
white-background-conceptual-studio-shoot-of-a-angry-indian-bearded-man.jpg,anger,success,
white-woman-angry-behind-wheel-of-car-in-daylight-shutterstock___22114439556.jpg,anger,success,
Why-does-NordVPN-keep-logging-me-out-1-1.jpg,anger,success,
woman-at-computer.jpg,anger,failed,圖片相似度過高 (與同類別中已接受圖片的最大相似度: 0.92)
woman-at-PC_WTF_16x9.jpg,anger,success,
woman-screaming-room_777078-52631.jpg,anger,success,
worstdrivers.jpg,anger,success,
wrath_the_teen_mentor.jpg,anger,failed,圖片相似度過高 (與同類別中已接受圖片的最大相似度: 1.00)
xtremely-bossy-and-took-joy-telling-people-how-to-live.-He-didnt-know-Jesus..jpg,anger,success,
y-modern-office-people-emotions-business-concept-copy-space-wide-angle-photo.jpg,anger,failed,偵測到多於一張人臉 (2 張)
young-black-couple-arguing-at-dining-table.jpg,anger,success,
young-caucasian-man-angry-frustrated-and-furious-with-his-phone-angry-with-customer-service.jpg,anger,success,
young-woman-holding-smartphone-read-bad-news-feels-concerned.jpg,anger,success,
zee4.jpg,anger,failed,圖片相似度過高 (與同類別中已接受圖片的最大相似度: 0.93)
-asian-man-portrait-with-no-retouched-skin-in-the-pink-background-2041396331.jpg,disgust,success,
-casual-clothes-disgusted-expression-displeased-and-fearful-doing-2053456178.jpg,disgust,success,
-casual-t-shirt-standing-over-isolated-white-background-disgusted-1475836610.jpg,disgust,success,
-over-pink-background-disgusted-expression-displeased-and-fearful-2267845857.jpg,disgust,success,
-over-pink-background-disgusted-expression-displeased-and-fearful-2349106257.jpg,disgust,success,
1000_F_156053211_NypiACrU86pLRceCFI9Sjk9znps74wTH.jpg,disgust,success,
360_F_116931569_TYf7rM2NTts3JUW4h1J4tD8ovKZypWJ9.jpg,disgust,success,
360_F_129384401_2jDyFu0FvIAGHE2SuUk0s9c8xkt2xhVq.jpg,disgust,success,
360_F_164398147_BU6nBVrw5Y6c0EysOorGufNK3mNE42I5.jpg,disgust,success,
360_F_281183605_JBl4PkcdRsCBT8CthQvvGgBRVQ0IHvfQ.jpg,disgust,success,
360_F_299279399_QoGxfdRXrYPkAquWjKZE5pxUB4vHqbL6.jpg,disgust,success,
360_F_321726194_pHtxATrvAwNke9rwEEmUDVNXBIRJGefv.jpg,disgust,success,
360_F_396679097_sjQOVWw6BjdFYONNeqnJsCAb6rBNN8Z5.jpg,disgust,success,
360_F_447078028_AXkehbTUmIwzbL5Puv2EwzSsmCcPGTsi.jpg,disgust,success,
360_F_496787125_CPbtsGXlsJu11T4sCziVGd9QNKW1VWbK.jpg,disgust,success,
360_F_521888339_uiDecnIEQlvhlRx63hmTJk0a1htNfNjQ.jpg,disgust,success,
360_F_521903938_p4BfCmVUy8KMs5HR4JS62JnQdzwpHnad.jpg,disgust,failed,偵測到多於一張人臉 (3 張)
360_F_561610172_PhCRKic8HWqYS9KGE4vNSL1WM2JZFrVd.jpg,disgust,success,
360_F_570872504_fdrbceSQ662ZfWjjqw9Y4GucX82Wle3a.jpg,disgust,success,
360_F_599904585_w0VVb2DyTmYDxT3aukbFyMWsBhcb0BMx.jpg,disgust,success,
360_F_84670412_cIAHhDJnhzvCpoZEPbLadJ3KPsaIUiRx.jpg,disgust,success,
57194301-pretty-disgusted-girl-on-a-white-background.jpg,disgust,success,
58843103-disgusted-girl-s-portrait.jpg,disgust,success,
70477370-dissatisfied-girl-negatively-and-disgusted-looks-forward-the-negative-attitude-to-something (1).jpg,disgust,success,
800px_COLOURBOX32269984.jpg,disgust,success,
african-american-woman-braids-standing-260nw-2320823489.webp,disgust,failed,檔案格式不符
african-american-woman-wearing-casual-clothes-disgusted-expression-displeased-and-fearful-doing-disgust-face-because-aversion-reaction-annoying-conc-2EMG28M.jpg,disgust,success,
air-standing-over-pink-background-disgusted-expression-displeased-2324954861.jpg,disgust,failed,偵測到多於一張人臉 (2 張)
ard-wearing-red-t-shirt-over-blue-background-disgusted-expression-2228266031.jpg,disgust,success,
asual-sweater-and-glasses-standing-over-blue-background-disgusted-1782006449.jpg,disgust,success,
attitude-angry-dissatisfied-male-has-disgusting-expression-as-sees-767465920.jpg,disgust,success,
blonde-pretty-woman-feeling-terrified-shocked-with-mouth-wide-open-surprise_1194-277526.jpg,disgust,success,
cc991c42524f271a1f1691e1b928b37f.jpg,disgust,success,
ckbee3cuuu4tal7zrv.jpg,disgust,success,
cl5sn4ab7c511e353h.jpg,disgust,success,
cl7ws7z2bk56h1d1kt.jpg,disgust,success,
close-up-sad-brunette-girl-sulking-looking-upset_1258-30429.webp,disgust,failed,檔案格式不符
close-young-male-face-looking-260nw-536355547.webp,disgust,failed,檔案格式不符
closeup-portrait-funny-angry-young-260nw-181528742.webp,disgust,failed,檔案格式不符
closeup-skeptical-displeased-attractive-girl-shaking-head-rejection-frowning-disappointed_1258-118744.webp,disgust,failed,檔案格式不符
cmc8pxpzvo6pkd1ptv.jpg,disgust,success,
cmg6660a74q0fes9na.jpg,disgust,success,
cmlzw7v76zskkuxg85.jpg,disgust,success,
co2om7ekfgihqy9clg.jpg,disgust,success,
co6v57uuf5wq6n84z6.jpg,disgust,success,
cogxwvj6pdb8surbrg.jpg,disgust,success,
confused-shocked-gasping-middleaged-redhead-woman-cringe-frustrated-puzzled-open-mouth-speechless-freak-out-strange-shocking-scene-stand-green-wall-perplexed-disappointed_1258-46279.webp,disgust,failed,檔案格式不符
cp73gpw6t7x4u6l454.jpg,disgust,success,
cpc2qvf0uopffkr8jq.jpg,disgust,success,
cphybgtsuhmyl4x06o.jpg,disgust,success,
cpqodyl5o2bxprdury.jpg,disgust,success,
cq38jnhwg7y15250lx.jpg,disgust,success,
cqd8kfrwfi6os6k48h.jpg,disgust,success,
cqs87glt2r7jd54u6z.jpg,disgust,success,
cqt0jl1w9zrlxp5vbz.jpg,disgust,success,
cquk7pf3pck9kr47pk.jpg,disgust,success,
cra80zwyyunnl2d281.jpg,disgust,success,
crdd92ynr59k1df1lx.jpg,disgust,success,
crwx15ozcukwg4mcwr.jpg,disgust,success,
cs0k3kddyhc30z32ed.jpg,disgust,success,
csi7rxvd0jef22jdm8.jpg,disgust,success,
csnkvsyn0xwl7kjgw4.jpg,disgust,success,
csskeiw7j9mfawjy4r.jpg,disgust,success,
cssr67is17ufzxu6zo.jpg,disgust,success,
ctvx2pmqvdocr6c228.jpg,disgust,success,
cu0z6eip3l17240qz0.jpg,disgust,success,
cv8uhx4wgwoq372gr3.jpg,disgust,success,
cve64sedpwfo8gqn7f.jpg,disgust,success,
cvy63gjpkvrfdu2has.jpg,disgust,success,
cvz7uolhxgbfrk0jyn.jpg,disgust,success,
cwcseh83clagkl1kdk.jpg,disgust,success,
cweq5lp0de9x8q53ps.jpg,disgust,success,
cwpvmtkuw83q2or3za.jpg,disgust,success,
cwqgqtrnootvlzuo5n.jpg,disgust,success,
cwrom2tpsxgc5dk45j.jpg,disgust,success,
cx2acxg91fbwfoy5p3.jpg,disgust,success,
cxhta6w2hpk6ritgsz.jpg,disgust,success,
cxzwt9dzixcu1wuu0a.jpg,disgust,success,
cymmb6smbo3id9tfpp.jpg,disgust,success,
cz2nsxsren3kvedt7u.jpg,disgust,success,
cz6xpybqfvn7pmad1a.jpg,disgust,success,
czpgnm401fwlfr1kpi.jpg,disgust,success,
D1028_55_776_1200.jpg,disgust,failed,偵測到多於一張人臉 (2 張)
d1dzidvm2bpw2cdzu9.jpg,disgust,success,
depositphotos_210198264-stock-photo-beautiful-young-hispanic-woman-wearing.jpg,disgust,success,
depositphotos_255961840-stock-photo-beautiful-young-african-american-woman.jpg,disgust,success,
depositphotos_390236786-stock-photo-young-beautiful-woman-wearing-casual.jpg,disgust,success,
depositphotos_467329060-stock-photo-african-american-woman-wearing-casual.jpg,disgust,success,
depositphotos_599731792-stock-photo-young-beautiful-woman-standing-casual.jpg,disgust,success,
depositphotos_655236698-stock-photo-beautiful-woman-standing-pink-background.jpg,disgust,success,
depositphotos_73137665-stock-photo-disgusted-woman.jpg,disgust,success,
ding-over-isolated-background-disgusted-expression-displeased-and-2186273619.jpg,disgust,success,
discontent-female-having-grumpy-expression_273609-12385.webp,disgust,failed,檔案格式不符
disgusted-bothered-woman-grimacing-cringe-from-aversion-show-refusal-stop-gesture_176420-26577.webp,disgust,failed,檔案格式不符
disgusted-guy-600w-175338359.jpg,disgust,success,
disgusted-man-260nw-173978036.webp,disgust,failed,檔案格式不符
disgusted-woman-negative-expression-her-face-disgusted-woman-negative-expression-her-face-isolated-white-136060951.webp,disgust,failed,檔案格式不符
displeased-disappointed-young-woman-pointing-up_176420-22761.jpg,disgust,success,
displeased-young-pretty-girl-ashamed-biting-lip_176420-9384.webp,disgust,failed,檔案格式不符
dissatisfied-female-model-frowns-face-600w-757886677.jpg,disgust,success,
ed-out-little-kid-girl-with-glasses-wearing-plaid-shirt-over-blue-2144288679.jpg,disgust,success,
ed-t-shirt-denim-shirt-and-glasses-over-isolated-white-background-1519601690.jpg,disgust,success,
expressive-pretty-woman-posing_344912-2123.webp,disgust,failed,檔案格式不符
expressive-young-girl-posing-studio_176474-98858.webp,disgust,failed,檔案格式不符
feeling-anxious-ill-sick-unhappy-suffering-painful-stomach-ache-flu_1194-463917.jpg,disgust,success,
feeling-disgusted-nauseous-backing-away-from-something-nasty-smelly-stinky-saying-yuck_1194-432883.webp,disgust,failed,檔案格式不符
female-after-trying-piece-of-cake-healthy-diet-concept-avoid-sugar-394739884.jpg,disgust,success,
funny-digusted-young-man-round-glasses-red-t-shirt_176420-24324.jpg,disgust,success,
gettyimages-185126023-612x612.jpg,disgust,success,
gettyimages-520925691.webp,disgust,failed,檔案格式不符
girl-cringe-as-seeing-something-embarrassing-bothering-woman-make-uncomfortable-smile-squinting-feeling-worried-displeased-see-bothering-bad-situation-standing-white-background_176420-36911.webp,disgust,failed,檔案格式不符
girl-cringes-from-disgusting-scene-disappointed-bothered-attractive-blond-woman-orange-tshirt-frowning-squinting-freakedout-frustrated-pointing-upper-left-corner-white-background_176420-51856.jpg,disgust,success,
girl-sharing-her-negative-opinion-portrait-of-displeased-and-disgusted-attractive-european-woman-pointing-right-with-thumb-frowning-and-wrinkling-nose-being-unimpressed-and-expressing-dislike-PWYKJH.jpg,disgust,success,
gross-ew-portrait-emotional-displeased-young-chubby-european-woman-grimacing-sticking-out-tongue-holding-hand-her-chest-feeling-sick-because-disgusting-smell-bad-odor-disgust_344912-2850.webp,disgust,failed,檔案格式不符
hispanic-mature-woman-standing-over-blue-background-disgusted-expression-displeased-fearful-doing-disgust-face-277253243.webp,disgust,failed,檔案格式不符
hispanic-pretty-woman-feeling-disgusted-irritated-sticking-tongue-out-disliking-something-nasty-yucky_1194-313774.webp,disgust,failed,檔案格式不符
hite-background-disgusted-expression-displeased-and-fearful-doing-2285092617.jpg,disgust,success,
images (1).jfif,disgust,failed,檔案格式不符
images (3).jfif,disgust,failed,檔案格式不符
istockphoto-1044676028-612x612.jpg,disgust,success,
istockphoto-1198450548-640x640.jpg,disgust,success,
istockphoto-184857416-1024x1024.jpg,disgust,success,
istockphoto-527660021-1024x1024.jpg,disgust,success,
l-frowns-face-has-disgusting-expression-shows-tongue-expresses-non-757886677.jpg,disgust,failed,圖片相似度過高 (與同類別中已接受圖片的最大相似度: 0.96)
latin-woman-feeling-cross-angry-annoyed-disappointed-displeased-showing-thumbs-down-with-serious-look_1194-207409.webp,disgust,failed,檔案格式不符
looking-angry-annoyed-frustrated-screaming-wtf-what-s-wrong-with-you_1194-516792.jpg,disgust,success,
man-disgusted-260nw-527448697.webp,disgust,failed,檔案格式不符
man-with-disgusted-expression-repulsing-something-disgust-concept-1188153424.jpg,disgust,failed,圖片相似度過高 (與同類別中已接受圖片的最大相似度: 0.97)
me-daughter-sitting-at-home-eating-breakfast-disgusted-expression-1980136982.jpg,disgust,failed,偵測到多於一張人臉 (2 張)
mostrando-garras-imitando-gesto-agresivo-gato_1187-325651.jpg,disgust,success,
n-in-white-shirt-demonstrates-disgust-twisting-face-with-negative-2034791339.jpg,disgust,success,
n-pose-face-body-expression-mode-emotion-on-white-background-pain-2072713187.jpg,disgust,success,
n-wearing-a-sweater-over-isolated-background-disgusted-expression-1392253844.jpg,disgust,success,
nding-over-yellow-background-wearing-glasses-disgusted-expression-2288644083.jpg,disgust,success,
ng-casual-clothes-and-glasses-disgusted-expression-displeased-and-1820397947.jpg,disgust,success,
ng-casual-clothes-and-glasses-disgusted-expression-displeased-and-2142739549.jpg,disgust,success,
no-confused-young-asian-woman-260nw-1453531436.webp,disgust,failed,檔案格式不符
oto-of-asian-man-with-hate-and-disgusting-face-on-grey-background-1194074005.jpg,disgust,success,
over-blue-isolated-background-disgusted-expression-displeased-and-2169918131.jpg,disgust,success,
photo-depressed-girl-show-two-thumbs-down-upset-face-dislike-negative-no-isolated-yellow-background_525549-3895.webp,disgust,failed,檔案格式不符
pic1.jpg,disgust,success,
pic11.jpg,disgust,success,
pic12.jpg,disgust,success,
pic15.jpg,disgust,success,
pic16.jpg,disgust,failed,圖片相似度過高 (與同類別中已接受圖片的最大相似度: 1.00)
pic20.jpg,disgust,success,
pic22.jpg,disgust,success,
pic3.jpg,disgust,failed,圖片相似度過高 (與同類別中已接受圖片的最大相似度: 0.96)
pink-background-disgusted-expression-displeased-and-fearful-doing-2196232851.jpg,disgust,success,
portrait-disgusted-woman-260nw-436550809.webp,disgust,failed,檔案格式不符
portrait-of-a-beautiful-young-woman-with-a-disgusting-face-E7C9DA.jpg,disgust,success,
pretty-woman-feeling-sad-stressed-upset-because-bad-surprise-with-negative-anxious-look_1194-280613.jpg,disgust,success,
pretty-woman-looking-angry-annoyed-frustrated-screaming-wtf-whata-s-wrong-with-you_1194-287478.webp,disgust,failed,檔案格式不符
puzzled-african-american-woman-has-displeased-expression-frowns-face-looks-with-disgust-something-unpleasant-dressed-casual-wear-isolated-brown-wall-emotions-reaction_273609-37899.webp,disgust,failed,檔案格式不符
r-isolated-background-disgusted-expression-displeased-and-fearful-2236998807.jpg,disgust,success,
rejecting-someone-showing-gesture-disgust_1187-382403.webp,disgust,failed,檔案格式不符
ring-casual-pink-t-shirt-standing-over-white-background-disgusted-1790705198.jpg,disgust,success,
rly-hair-and-piercing-wearing-striped-shirt-and-glasses-disgusted-1676143501.jpg,disgust,success,
sad-young-woman-standing-isolated-white-wall_171337-18045.webp,disgust,failed,檔案格式不符
scared-beautiful-caucasian-young-female-biting-her-lower-lip-having-nervous-expression-wide-opened-eyes-worrying_273609-7348.jpg,disgust,success,
sgust-look-at-smartphone-screen-at-modern-living-room-portrait-of-2065601216.jpg,disgust,success,
shutterstock_593351747.jpg,disgust,success,
sian-woman-declining-proposal-shaking-hands-and-step-back-looking-2215619187.jpg,disgust,success,
something-disgusting-step-back-from-awful-thing-and-block-it-with-2278792301.jpg,disgust,success,
stock-photo-disgusted-and-frowning-young-woman-on-a-white-background-249074803.jpg,disgust,success,
stock-photo-disgusted-child-s-portrait-557495155.jpg,disgust,success,
stock-photo-disgusted-guy-175338359.jpg,disgust,failed,圖片相似度過高 (與同類別中已接受圖片的最大相似度: 0.97)
stock-photo-disgusted-man-115103842.jpg,disgust,success,
stock-photo-disgusted-man-221573722.jpg,disgust,failed,圖片相似度過高 (與同類別中已接受圖片的最大相似度: 0.96)
stock-photo-disgusted-woman-116560987.jpg,disgust,failed,圖片相似度過高 (與同類別中已接受圖片的最大相似度: 0.99)
stock-photo-disgusted-woman-523909081.jpg,disgust,success,
stock-photo-girl-disgusted-face-expression-627565379.jpg,disgust,success,
stock-photo-man-disgusted-527448697.jpg,disgust,success,
stock-photo-man-disgusted-530061022.jpg,disgust,failed,圖片相似度過高 (與同類別中已接受圖片的最大相似度: 0.97)
stock-photo-man-disgusted-569418874.jpg,disgust,success,
stock-photo-portrait-of-a-disgusted-man-toned-photo-457810597.jpg,disgust,success,
stock-photo-portrait-of-blonde-woman-looking-disgusted-333214997.jpg,disgust,success,
stock-photo-portrait-of-disgusted-man-157245074.jpg,disgust,success,
stock-photo-scared-man-fearing-the-worst-98139272.jpg,disgust,success,
stock-photo-shock-in-a-woman-disgust-a-woman-expresses-an-emotion-of-rejection-779758063.jpg,disgust,success,
stock-photo-young-man-with-disgust-259370159.jpg,disgust,success,
stomach-disgust-neuroscines.webp,disgust,failed,檔案格式不符
th-disgusted-expression-repulsing-something-disgust-concept-young-1033901719.jpg,disgust,success,
unamused-reluctant-young-stylish-woman-posing-against-white-wall_176420-30800.webp,disgust,failed,檔案格式不符
wearing-casual-jacket-disgusted-expression-displeased-and-fearful-1954991749.jpg,disgust,success,
wearing-pink-floral-dress-standing-over-isolated-white-background-1518103958.jpg,disgust,failed,偵測到多於一張人臉 (2 張)
woman-blue-blazer-blue-background-rejecting-someone-showing-gesture-disgust_1187-399722.webp,disgust,failed,檔案格式不符
young-african-american-woman-standing-260nw-1779309194.webp,disgust,failed,檔案格式不符
young-african-american-woman-wearing-260nw-1954991749.webp,disgust,failed,檔案格式不符
young-beautiful-brunette-woman-wearing-260nw-1790705198.jpg,disgust,failed,偵測到多於一張人臉 (2 張)
young-brazilian-woman-standing-over-260nw-2169918131.jpg,disgust,failed,圖片相似度過高 (與同類別中已接受圖片的最大相似度: 0.91)
young-caucasian-man-isolated-blue-background-pointing-upside-with-opened-mouth_1187-229673.jpg,disgust,success,
young-caucasian-woman-blue-backdrop-rejecting-someone-showing-gesture-disgust_1187-401885.jpg,disgust,success,
young-caucasian-woman-isolated-white-background-shouting-very-angry-rage-concept-frustrated_1187-227957.webp,disgust,failed,檔案格式不符
young-female-looking-camera-while-frowning-face-casual-shirt-pants-looking-displeased-front-view_176474-42758.webp,disgust,failed,檔案格式不符
young-hispanic-girl-wearing-casual-clothes-glasses-disgusted-expression-displeased-fearful-doing-disgust-face-because-aversion-reaction_839833-10427.webp,disgust,failed,檔案格式不符
young-hispanic-man-wearing-casual-600w-1881057247.jpg,disgust,success,
young-hispanic-woman-red-hair-260nw-2324954861.webp,disgust,failed,檔案格式不符
young-pretty-girl-feeling-disgusted-irritated-sticking-tongue-out-disliking-something-nasty-yucky_1194-370400.webp,disgust,failed,檔案格式不符
young-reluctant-woman-steps-back-raises-hands-refuse-rejects-something-disgusting-reaction_1258-190114.webp,disgust,failed,檔案格式不符
young-woman-disgusting-face-portrait-beautiful-84530986.webp,disgust,failed,檔案格式不符
00414035.jpg,fear,success,
0963b4bd89fb20bff8f6eca1bd54df5f.jpg,fear,success,
110501_1_detail_Angst.jpg,fear,success,
1509041672055.jpg,fear,success,
1kyj_2jypiBbJcTu5t5KRdQ.jpeg,fear,success,
20-1Z612151A9-51.jpg,fear,success,
2916813731_8d9e648733_b-3-700x467.jpg,fear,success,
2c1487cf90122c1fdd4b710f15b45b04.jpg,fear,failed,偵測到多於一張人臉 (5 張)
38ruwp.jpg,fear,success,
4122114599_1a0200aa4f_z.jpg,fear,success,
4315390143_1b36d3269a_b.jpg,fear,success,
4869958530_97140c37b4_b.jpg,fear,success,
5610666266_8db0369b96_b.jpg,fear,success,
635497632889760060-Scared-eyes_662175_ver1.0.jpg,fear,success,
64a71c37570861ecee3a9b5fcbc3de0c4.jpg,fear,success,
65e06ecc7f28ce65b05ed59a76a088ea2.jpg,fear,success,
6eb9bd5f29d5458d9d7075313d971e6b.jpg,fear,success,
742-columbia-blog-post-image-20160712224917.jpeg,fear,success,
7d4bb0dca401614a6054320d8cc686ab3.jpg,fear,success,
7e2a26eb1466d2f29ab96b872e0e5abb4.jpg,fear,success,
867e7625779abb5b7e9b82c5f064c54f.jpg,fear,success,
86dd5784ae7dd4a0365f786a33b532db3.jpg,fear,success,
9347.__.jpeg,fear,success,
9488ca3ce410bccf85b0a634f5a7074b4.jpg,fear,success,
ad963f5cc12f983d8367588d3b156a33--dark-eyes-horror-films.jpg,fear,success,
afraid-19086_640.jpg,fear,success,
Amazon-pricing-rule.jpg,fear,success,
aming-desperate-screaming-primal-fear-emotion-scared-isolated-black-85731067.jpg,fear,success,
Angst.jpg,fear,success,
b746d80191e3e75971e02d2214a2499d4.jpg,fear,success,
bc1aa010fe39d2b6d6d78b95bb6a4c202.jpg,fear,success,
c00b8bbfd19762be3a29242eebe055653.jpg,fear,success,
c73d1609b57aad0e031022caa922b5c53.jpg,fear,success,
children-s-emotions-fear-frightened-girl-black-background-49461339.jpg,fear,success,
CSRWDRFWRFH43NPSBHI55XCLTE.jpg,fear,success,
d6dadd41b5d8072938670e2cb6a107043.jpg,fear,success,
depositphotos_75057747-stock-photo-blond-scared-man.jpg,fear,success,
doc-com-7.jpg,fear,success,
ed-adult-man-terrified-facial-expression-portrait-young-shock-face-138011200.jpg,fear,success,
ed-face-looking-at-something-scaring-human-emotions-feelings-and-faci-W4RKHR.jpg,fear,success,
espectrofobia-768x514.jpg,fear,success,
f2c81n5vuvdcjbchvu.jpg,fear,success,
f2ymyfhsqt3iz0phzx.jpg,fear,failed,偵測到多於一張人臉 (2 張)
f30ns74m5j2m6ytlky.jpg,fear,success,
f31838ys8rwh2siyf2.jpg,fear,success,
f36j0deu657obta0ln.jpg,fear,success,
f48g5wb1wcrt0mllzr.jpg,fear,success,
f4ihm23qnjzfp8mepp.jpg,fear,success,
f5nqr1m8slxtv6vnfo.jpg,fear,success,
f6o53wmduiqj32huba.jpg,fear,success,
f8fz0cidbz2i6zyft1.jpg,fear,failed,偵測到多於一張人臉 (2 張)
f8xcudhbf2kuy5i61p.jpg,fear,success,
f950a6v89726kt7xvs.jpg,fear,success,
fa5r3o08nkixvkvo74.jpg,fear,success,
fad0lq0rhuwwxv3l2x.jpg,fear,success,
fdeaetzik3g6nc3p82.jpg,fear,success,
fdopreq8bfsmy72abr.jpg,fear,success,
fdp6ejoy2z5ckxu7uf.jpg,fear,success,
fdx9496bahencoj0s8.jpg,fear,success,
fear---header-edited-1.jpg,fear,success,
fear-3083470.jpg,fear,success,
fear-690x417.jpg,fear,success,
fear-7142414.jpg,fear,success,
fear-image.jpg,fear,success,
fear-man.jpg,fear,failed,圖片相似度過高 (與同類別中已接受圖片的最大相似度: 0.97)
fear12.jpg,fear,success,
fearful-man.jpg,fear,success,
fearful-wallpaper-1.jpg,fear,success,
fefghvo5xng2f9l67t.jpg,fear,success,
fefn0untffp3soaq75.jpg,fear,success,
female-teenager-showing-fearful-expression-wearing-black-shirt-black-background-29812717.jpg,fear,success,
ffty7s5jy6wiuzn4v3.jpg,fear,success,
Fobias.IncreC3ADbles.jpg,fear,success,
frightened-man-emotion-fear-scared-screaming-male-threaten-concept-99162309.jpg,fear,success,
hiding-fear-stock.jpeg,fear,success,
istockphoto-1427474602-170667a.webp,fear,failed,檔案格式不符
istockphoto-1459968640-170667a.webp,fear,failed,檔案格式不符
istockphoto-174894765-170667a.webp,fear,failed,檔案格式不符
istockphoto-487729433-170667a.webp,fear,failed,檔案格式不符
iStock_61131782_SMALL.jpg,fear,success,
Know-Fear-01-1024x623.jpg,fear,success,
maxresdefault.jpg,fear,failed,圖片相似度過高 (與同類別中已接受圖片的最大相似度: 0.94)
maxresdefault2.jpg,fear,failed,圖片相似度過高 (與同類別中已接受圖片的最大相似度: 0.93)
maxresdefault3.jpg,fear,success,
maxresdefault5.jpg,fear,success,
nail-biting-blog-106lafu-624x413.jpg,fear,success,
nerves-600x371.jpg,fear,success,
nour-fear.jpg,fear,success,
o-FEAR-facebook.jpg,fear,success,
OIP.bGnE5PSDOIpxCs8FofLgGwAAAA.jpg,fear,success,
OIP.hDRYhOzTj4yrYhhWrAfZVwHaD4.jpg,fear,success,
OIP.mQVROnMAnaQnpRJ3Q1MHZAHaHS.jpg,fear,success,
overcoming-fear-500x500_c.jpg,fear,success,
panico-540x361.png,fear,failed,圖片相似度過高 (與同類別中已接受圖片的最大相似度: 0.93)
PARENT-PRESSURE.jpg,fear,success,
photodune-3175666-fear-m.jpg,fear,success,
photo_10_2023-11-08_20-03-26.jpg,fear,success,
photo_11_2023-11-08_20-03-26.jpg,fear,success,
photo_12_2023-11-08_20-03-26.jpg,fear,success,
photo_14_2023-11-08_20-03-26.jpg,fear,success,
photo_18_2023-11-08_20-03-26.jpg,fear,success,
photo_1_2023-11-08_20-03-26.jpg,fear,success,
photo_22_2023-11-08_20-03-26.jpg,fear,success,
photo_23_2023-11-08_20-03-26.jpg,fear,success,
photo_24_2023-11-08_20-03-26.jpg,fear,success,
photo_2_2023-11-08_20-03-26.jpg,fear,success,
photo_31_2023-11-08_20-03-26.jpg,fear,success,
photo_33_2023-11-08_20-03-26.jpg,fear,success,
photo_38_2023-11-08_20-03-26.jpg,fear,success,
photo_41_2023-11-08_20-03-26.jpg,fear,success,
photo_44_2023-11-08_20-03-26.jpg,fear,success,
photo_46_2023-11-08_20-03-26.jpg,fear,success,
photo_50_2023-11-08_20-03-26.jpg,fear,success,
photo_51_2023-11-08_20-03-26.jpg,fear,success,
photo_57_2023-11-08_20-03-26.jpg,fear,success,
photo_58_2023-11-08_20-03-26.jpg,fear,failed,圖片相似度過高 (與同類別中已接受圖片的最大相似度: 1.00)
photo_59_2023-11-08_20-03-26.jpg,fear,success,
photo_60_2023-11-08_20-03-26.jpg,fear,success,
photo_61_2023-11-08_20-03-26.jpg,fear,success,
photo_62_2023-11-08_20-03-26.jpg,fear,success,
photo_68_2023-11-08_20-03-26.jpg,fear,success,
photo_69_2023-11-08_20-03-26.jpg,fear,success,
photo_6_2023-11-08_20-03-26.jpg,fear,success,
photo_70_2023-11-08_20-03-26.jpg,fear,success,
photo_71_2023-11-08_20-03-26.jpg,fear,failed,偵測到多於一張人臉 (2 張)
photo_7_2023-11-08_20-03-26.jpg,fear,success,
photo_9_2023-11-08_20-03-26.jpg,fear,success,
pic1.jpg,fear,success,
pic106.jpg,fear,success,
pic11.jpg,fear,failed,圖片相似度過高 (與同類別中已接受圖片的最大相似度: 0.99)
pic112.jpg,fear,success,
pic114.jpg,fear,success,
pic116.jpg,fear,success,
pic119.jpg,fear,success,
pic122.jpg,fear,success,
pic19.jpg,fear,failed,圖片相似度過高 (與同類別中已接受圖片的最大相似度: 1.00)
pic27.jpg,fear,success,
pic3.jpg,fear,success,
pic4.jpg,fear,failed,圖片相似度過高 (與同類別中已接受圖片的最大相似度: 1.00)
pic62.jpg,fear,success,
pic86.jpg,fear,success,
pic9.jpg,fear,success,
pic92.jpg,fear,success,
pic93.jpg,fear,success,
pic96.jpg,fear,failed,圖片相似度過高 (與同類別中已接受圖片的最大相似度: 0.97)
pic97.jpg,fear,success,
portrait-girl-emotion-fear-isolated-89639132.jpg,fear,success,
premium_photo-1683740128035-1a4c8b2e1ca3.jpg,fear,success,
pression-making-frightened-gestures-people-human-emotions-feelings-152136768.jpg,fear,success,
psicC3B3logo-para-problemas-de-ansiedad-en-Valencia-chico-con-problemas.jpg,fear,failed,圖片相似度過高 (與同類別中已接受圖片的最大相似度: 0.92)
psixikaalkogolikaieeizmenenieprizaboleva-e9a4a516.jpg,fear,success,
scared-man-6798261.jpg,fear,success,
Schizophrenie-5.jpg,fear,success,
shutterstock_121719670.jpg,fear,failed,圖片相似度過高 (與同類別中已接受圖片的最大相似度: 0.99)
ssions-people-emotions-concept-fear-surprised-frightened-teen-girl-109933867.jpg,fear,success,
stutter2Bpics.jpg,fear,failed,圖片相似度過高 (與同類別中已接受圖片的最大相似度: 0.99)
Temor.jpg,fear,success,
th20.jpg,fear,success,
types-of-fear-1.jpg,fear,success,
volnenie-pered-svidaniem.jpg,fear,failed,圖片相似度過高 (與同類別中已接受圖片的最大相似度: 0.98)
woman-close-up-face-fear-afraid-emotion-80664406.jpg,fear,success,
Woman-emotion.jpg,fear,success,
woman-fear-emotion-people-emotions-expressions-dark-background-44666498.jpg,fear,success,
l-teenager-holding-dialog-frame-person-with-communication-cloud_482257-50637.jpg,happy,success,
low-angle-shot-of-excited-work-employees-standing-in-circle.jpg,happy,failed,偵測到多於一張人臉 (2 張)
maintaining-a-positive-outlook-on-life.jpg,happy,success,
man-299488_960_720.jpg,happy,success,
man-face-and-smile-breathing-fresh-air-for-spiritual-wellness-health-or-satisfaction-in-the.jpg,happy,success,
man-happy-facial-expression-10769888.jpg,happy,success,
man-happy-facial-expression-12064212.jpg,happy,success,
man-happy-facial-expression-12064226.jpg,happy,success,
mature-beautiful-curly-hair-woman-looking-at-camera.jpg,happy,success,
mature-executive-business-man-listening-to-meeting-with-employees-teamwork-and-strategy-in.jpg,happy,success,
mature-handsome-business-man.jpg,happy,success,
mature-woman-standing-outside-in-a-park-and-smiling.jpg,happy,success,
mid-adult-man-smiling-on-gray-background.jpg,happy,success,
middle-aged-man-reviewing-wrinkles-in-hand-mirror.jpg,happy,success,
multi-ethnic-guys-and-girls-taking-selfie-outdoors-with-backlight-happy-life-style-friendship.jpg,happy,failed,偵測到多於一張人臉 (8 張)
multiethnic-children-in-a-circle.jpg,happy,success,
multiple-screen-montage-diverse-group-of-beautiful-authentic-women-smiling-and-looking-at.jpg,happy,failed,偵測到多於一張人臉 (10 張)
muslim-young-woman-wearing-hijab.jpg,happy,success,
my-secret-is-less-stressing-and-more-facials.jpg,happy,success,
my-skin-just-gets-better-and-better.jpg,happy,success,
n-say-that-she-says-with-a-smile-from-her-perch-at-the-back-of-the-sailboat-.jpg,happy,success,
natural-afro-hair-wide-toothy-smile-and-expression-of-pleasure-on-the-face-of-young-brown.jpg,happy,success,
natural-hispanic-beauty.jpg,happy,success,
natural-young-woman-with-perfect-smile-and-clean-healthy-skin.jpg,happy,success,
never-leave-home-without-a-smile.jpg,happy,success,
OIF.alZ3Hy4M9ebvPSh0ZVgwvQ.jpg,happy,failed,偵測到多於一張人臉 (12 張)
OIF.mOpQqbt2K8TGQWThuYhvdA.jpg,happy,failed,偵測到多於一張人臉 (5 張)
OIF.uBr4h1p0QOlFZC883PjyCg.jpg,happy,success,
OIP.6sWlAR-R9rdLrin5R6cFtwHaE8.jpg,happy,success,
OIP.EfxVeormEU8m12JuCFGFSAHaDi.jpg,happy,failed,偵測到多於一張人臉 (11 張)
OIP.f2b23R8SvF3P37V5rO8mYQHaEO.jpg,happy,failed,偵測到多於一張人臉 (3 張)
OIP.Oy5dMMkpcxsTZVXtkiPaRgHaHa.jpg,happy,failed,偵測到多於一張人臉 (16 張)
OIP.q-X-QBIv3_qZT9YVg2vgLwHaDs.jpg,happy,failed,偵測到多於一張人臉 (4 張)
OIP.x9axJeJKJCgLgeLJS5iPtAFXC1.jpg,happy,failed,偵測到多於一張人臉 (4 張)
onfidence-staring-direct-to-camera-white-isolated-studio-background-90020470.jpg,happy,success,
outdoor-beauty-portrait-of-casual-young-woman-with-beautiful-smile.jpg,happy,success,
pensive-woman-looks-at-side-wondering-in-a-park.jpg,happy,success,
people-smiling.jpg,happy,failed,偵測到多於一張人臉 (3 張)
people_smiling.jpg,happy,success,
photo-of-cheerful-pleasant-woman-with-wavy-hairstyle-dressed-white-blouse-look-at-offer-empty.jpg,happy,success,
photo-of-cute-charming-woman-wear-casual-t-shirt-recording-self-video-waving-arm-palm.jpg,happy,success,
photo-of-young-curly-girl.jpg,happy,success,
photo-relaxed-charming-positive-young-woman-hold-camera-and-make-selfie-summer-outside-in.jpg,happy,success,
point-happy-and-portrait-of-asian-man-on-blue-background-for-news-information-and.jpg,happy,success,
portrait-man-smiling-looking-at-camera.jpg,happy,success,
portrait-of-a-10-years-old-pretty-girl-child-teenager-face-hair-beauty-fun-eyes-freckles.jpg,happy,success,
portrait-of-a-beautiful-hispanic-woman.jpg,happy,success,
portrait-of-a-beautiful-hispanic-woman2.jpg,happy,failed,偵測到多於一張人臉 (2 張)
portrait-of-a-beautiful-woman-standing-in-the-woods-enjoying-the-sunlight.jpg,happy,success,
portrait-of-a-beautiful-young-indian-woman.jpg,happy,success,
portrait-of-a-beautiful-young-laughing-woman.jpg,happy,success,
portrait-of-a-boy-outdoors.jpg,happy,success,
portrait-of-a-handsome-mexican-man.jpg,happy,success,
portrait-of-a-happy-real-japanese-man-with-grey-hair.jpg,happy,failed,偵測到多於一張人臉 (2 張)
portrait-of-a-mid-adult-man-outdoors.jpg,happy,success,
portrait-of-a-real-caucasian-adult-woman-with-funny-expression-looking-to-the-side.jpg,happy,success,
portrait-of-a-smiling-beautiful-woman.jpg,happy,success,
portrait-of-a-smiling-girl-with-short-hair.jpg,happy,failed,偵測到多於一張人臉 (2 張)
portrait-of-a-smiling-man.jpg,happy,success,
portrait-of-a-smiling-senior-woman.jpg,happy,success,
portrait-of-a-sporty-woman-smiling.jpg,happy,success,
portrait-of-a-teen-girl.jpg,happy,success,
portrait-of-a-thoughtful-young-businesswoman.jpg,happy,success,
portrait-of-a-young-caucassian-man-closing-eyes-and-smiling.jpg,happy,success,
portrait-of-a-young-japanese-man-with-big-smile.jpg,happy,success,
portrait-of-a-young-student-man-at-university.jpg,happy,failed,偵測到多於一張人臉 (2 張)
portrait-of-a-young-woman-in-the-street.jpg,happy,success,
portrait-of-adult-bald-smiling-attractive-man-forty-years-with-beard-in-blue-shirt.jpg,happy,success,
portrait-of-attractive-asian-woman-in-a-park.jpg,happy,success,
portrait-of-beautiful-man.jpg,happy,success,
portrait-of-beautiful-young-woman.jpg,happy,failed,偵測到多於一張人臉 (2 張)
portrait-of-casual-smiling-man.jpg,happy,success,
portrait-of-confident-mature-man-smiling.jpg,happy,success,
portrait-of-female-volleyball-player-holding-a-volleyball-ball-at-sports-court.jpg,happy,success,
portrait-of-handsome-smiling-young-man-with-crossed-arms.jpg,happy,success,
portrait-of-happy-mature-man-smiling.jpg,happy,success,
portrait-of-happy-smiling-man.jpg,happy,success,
portrait-of-men-smiling-at-the-beach.jpg,happy,success,
portrait-of-redhead-girl-with-freckles-on-summer-blurred-background-cheerful-and-happy.jpg,happy,success,
portrait-of-senior-happy-and-cheerful-woman-standing-against-a-red-studio-background-mature.jpg,happy,failed,偵測到多於一張人臉 (2 張)
portrait-of-senior-woman-outdoors.jpg,happy,success,
portrait-of-smiling-african-american-woman.jpg,happy,success,
portrait-of-smiling-african-american-young-woman-indoors-talking-to-camera-video-calling.jpg,happy,success,
portrait-of-smiling-black-woman-on-yellow-background.jpg,happy,success,
portrait-of-smiling-mid-age-woman-looking-at-camera-skin-care-concept.jpg,happy,success,
portrait-of-smiling-senior-woman-with-eyeglasses.jpg,happy,success,
portrait-of-smiling-young-asian-woman.jpg,happy,success,
portrait-of-the-thoughtful-senior-farmer-looks-at-camera-senior-farmer-smiling-slow-motion.jpg,happy,success,
portrait-of-young-brunette-girl-in-denim-shirt.jpg,happy,failed,偵測到多於一張人臉 (2 張)
portrait-of-young-woman-on-street.jpg,happy,success,
portrait-of-young-woman-with-a-skin-colored-bra.jpg,happy,success,
portrait-of-young-woman-with-curly-hair-in-the-city.jpg,happy,success,
portrait-smiling-different-business-people-generative-ai_220873-25598.jpg,happy,failed,偵測到多於一張人臉 (12 張)
portrait-with-copy-space-of-charming-cheerful-trendy-attractive-adorable-naked-shirtless-girl.jpg,happy,success,
portrait-young-man-with-happy-facial-expression_155003-2591.jpg,happy,success,
portraits-of-a-beautiful-black-woman.jpg,happy,success,
positive-and-professional-everything-you-want-in-an-entrepreneur.jpg,happy,success,
preteen-boy-smiling-on-playground.jpg,happy,failed,偵測到多於一張人臉 (2 張)
pretty-asian-woman-standing-outdoors.jpg,happy,success,
pretty-happy-woman-enjoying-summer-outdoors.jpg,happy,success,
public-transport-and-text-messaging.jpg,happy,success,
real-malaysian-adult-man-with-very-excited-expression.jpg,happy,success,
real-man.jpg,happy,success,
s-near-building-looking-happy-while-watching-something-smartphone_447912-217.jpg,happy,success,
senior-african-american-man-looking-at-camera-and-smiling.jpg,happy,success,
senior-care-hug-and-portrait-of-nurse-with-patient-for-medical-help-healthcare-or.jpg,happy,success,
senior-man-smiling-at-home.jpg,happy,success,
senior-woman-laughing.jpg,happy,success,
serenity.jpg,happy,success,
set-of-mixed-race-people-portraits-smiling-on-different-backgrounds.jpg,happy,failed,偵測到多於一張人臉 (35 張)
she-enjoys-grandpas-jokes.jpg,happy,success,
she-has-every-reason-to-smile.jpg,happy,success,
shes-beautiful-in-every-single-way.jpg,happy,success,
shot-of-a-handsome-young-man-standing-against-a-grey-background.jpg,happy,success,
shot-of-young-brazilian-woman.jpg,happy,success,
showing-off-his-pearly-whites.jpg,happy,success,
smile-natural-hair-and-skincare-with-black-woman-or-cosmetic-on-white-background-for-wellness.jpg,happy,success,
Smile-people.jpg,happy,failed,偵測到多於一張人臉 (4 張)
smile-sunshine.jpg,happy,success,
smiles_02.jpg,happy,success,
smiles_05.jpg,happy,success,
smiles_08.jpg,happy,failed,偵測到多於一張人臉 (2 張)
smiles_09.jpg,happy,success,
smiles_10.jpg,happy,success,
smiles_11.jpg,happy,success,
smiles_17.jpg,happy,success,
smiles_18.jpg,happy,success,
smiles_19.jpg,happy,success,
smiles_21.jpg,happy,success,
smiles_22.jpg,happy,success,
smiles_24.jpg,happy,failed,偵測到多於一張人臉 (2 張)
smiles_26.jpg,happy,success,
smiles_27.jpg,happy,failed,圖片相似度過高 (與同類別中已接受圖片的最大相似度: 0.90)
smiles_32.jpg,happy,success,
smiles_35.jpg,happy,success,
smiles_38.jpg,happy,success,
smiles_40.jpg,happy,success,
smiles_41.jpg,happy,success,
smiles_43.jpg,happy,failed,圖片相似度過高 (與同類別中已接受圖片的最大相似度: 0.93)
smiles_44.jpg,happy,success,
smiley-people-celebrating-with-drinks-medium-shot_23-2149386882.jpg,happy,success,
SmileYourselfHappier.jpg,happy,success,
smiling-attractive-young-woman-looking-at-camera-slow-motion-portrait.jpg,happy,success,
smiling-blue-eyed-40-years-old-woman-looking-at-camera-psychology-and-feminine-health-concept.jpg,happy,success,
smiling-brunette-woman.jpg,happy,success,
smiling-confident-young-woman-having-online-conference-from-home-office.jpg,happy,success,
smiling-face-1.jpg,happy,success,
smiling-face.jpg,happy,success,
smiling-faces.jpg,happy,success,
smiling-friendly-portrait-of-young-african-girl-with-glasses.jpg,happy,success,
smiling-girl-1024x683.jpg,happy,success,
smiling-group-of-ethnically-diverse-businessmen-and-businesswomen.jpg,happy,failed,偵測到多於一張人臉 (6 張)
smiling-man-outdoors-in-the-city.jpg,happy,success,
smiling-man-texting-at-night.jpg,happy,success,
smiling-mature-60s-middle-aged-woman-looking-at-web-camera-video-conference-calling-in.jpg,happy,success,
smiling-mature-man.jpg,happy,success,
smiling-mature-woman-at-beach.jpg,happy,success,
smiling-mature-woman.jpg,happy,success,
smiling-people-20824764.jpg,happy,failed,偵測到多於一張人臉 (9 張)
smiling-people-22.jpg,happy,failed,圖片相似度過高 (與同類別中已接受圖片的最大相似度: 0.99)
smiling-people-29.jpg,happy,success,
smiling-people-31.jpg,happy,success,
smiling-people-36.jpg,happy,success,
smiling-people-42.jpg,happy,success,
smiling-people-broadsheet-group-big-poster-over-white-background-93837301.jpg,happy,failed,偵測到多於一張人臉 (2 張)
smiling-people-set-men-women-portrait-face-smile-78940727.jpg,happy,failed,偵測到多於一張人臉 (7 張)
Smiling-people-Stock-Photo-04.jpg,happy,success,
smiling-people2.jpg,happy,success,
smiling-people3.jpg,happy,failed,偵測到多於一張人臉 (3 張)
smiling-senior-woman.jpg,happy,success,
smiling-stylish-woman-eating-an-apple.jpg,happy,success,
smiling-woman-applying-face-cream-sitting-on-bed.jpg,happy,success,
smiling-woman-in-the-city.jpg,happy,success,
smiling-woman-wearing-eyeglasses-outdoor.jpg,happy,failed,圖片相似度過高 (與同類別中已接受圖片的最大相似度: 0.91)
smiling-woman-wearing-spectacles.jpg,happy,success,
smiling-womans-portrait.jpg,happy,success,
smiling-young-african-american-woman-looking-at-camera-webcam.jpg,happy,success,
smiling-young-african-man-smiling-against-blue-wall.jpg,happy,success,
smiling-young-man-having-online-conference-from-home.jpg,happy,success,
smiling-young-woman-feeling-happy.jpg,happy,success,
smiling-young-woman-standing-in-creative-office.jpg,happy,success,
spt1802.jpg,happy,success,
stock-photo-smiling-people-347658314.jpg,happy,failed,偵測到多於一張人臉 (6 張)
studio-portrait-of-a-smiling-young-latin-woman.jpg,happy,success,
studio-portrait-of-attractive-young-girl-over-pink-wall.jpg,happy,success,
studio-portrait-of-cute-african-boy-laughing.jpg,happy,success,
studio-shot-of-happy-young-woman-with-eyes-closed-daydreaming.jpg,happy,failed,偵測到多於一張人臉 (2 張)
studio-shot-of-young-woman.jpg,happy,success,
success-gave-me-this-smile.jpg,happy,success,
successful-mature-man-smiling-looking-away.jpg,happy,success,
summer-portrait-of-excited-afro-american-young-woman.jpg,happy,failed,偵測到多於一張人臉 (2 張)
taking-in-the-beautiful-day.jpg,happy,success,
the-grey-years-are-the-good-years.jpg,happy,failed,偵測到多於一張人臉 (2 張)
the-healthier-i-am-the-happier-i-feel.jpg,happy,success,
thinking-face-and-profile-of-woman-by-window-motivation-and-future-goals.jpg,happy,success,
this-is-the-age-i-feel-my-most-happy.jpg,happy,success,
toddler-enjoying-ice-cream.jpg,happy,success,
tongue-out-comic-and-closeup-of-black-woman-on-a-yellow-background-for-happiness-or-crazy.jpg,happy,success,
two-glad-positive-grinning-lady-stand-in-glasses-spectacles-street-style-stylish-trendy-cool.jpg,happy,failed,偵測到多於一張人臉 (2 張)
university-student-portrait.jpg,happy,success,
urban-mature-blond-woman.jpg,happy,success,
ving-girl-new-york-break-explore-journey-with-happiness-mockup_590464-132852.jpg,happy,success,
vJRlE4-happy-business-men.png,happy,success,
woman-applying-make-up-with-brush-and-recording-vlog.jpg,happy,success,
woman-happy-african-american-smiling-laughing_credit-shutterstock.jpg,happy,success,
woman-using-moisturising-cream.jpg,happy,success,
woman-wearing-black-hat-at-beach.jpg,happy,success,
y-face-human-expressions-emotions-model-beautiful-smile-funny-hair-154438714.jpg,happy,success,
y-young-man-something-isolated-white-background-positive-human-face-51973263.jpg,happy,success,
young-at-heart.jpg,happy,success,
young-beautiful-sexy-smiling-stylish-woman-isolated-white-pink-knitted-jacket_158538-1827.jpg,happy,success,
young-beautiful-woman-wearing-green-shirt-and-glasses-over-yelllow-isolated-background.jpg,happy,success,
young-businesswoman-with-eyeglasses-in-office.jpg,happy,success,
young-female-medical-professional-talking-with-colleague-in-clinic.jpg,happy,success,
young-girl-smile-watching-using-phone-laptop-headphones_741371-21.jpg,happy,success,
young-japanese-woman-looking-confident.jpg,happy,success,
young-man-in-his-20s-with-great-smile.jpg,happy,success,
young-man-in-the-public-park.jpg,happy,success,
young-man-laughing-at-a-text-message.jpg,happy,success,
young-man-talking-on-a-video-call-and-looking-at-the-camera.jpg,happy,success,
young-mexican-woman-portrait.jpg,happy,success,
young-woman-applying-sunscreen-at-the-beach.jpg,happy,success,
young-woman-beauty-portrait.jpg,happy,success,
young-woman-face-portrait-beauty-model-touching-cheekbones-women-facial-skin-care-and.jpg,happy,success,
young-woman-in-bathrobe-looking-in-the-mirror-holding-bottle-with-moisturizer-cream-and.jpg,happy,success,
young-woman-looking-away-contemplating-her-new-years-resolutions.jpg,happy,success,
young-woman-portrait.jpg,happy,success,
young-woman-standing-in-front-of-the-building.jpg,happy,failed,圖片相似度過高 (與同類別中已接受圖片的最大相似度: 0.90)
young-woman-wearing-spectacles.jpg,happy,success,
young-woman-with-dark-hair-winks-and-wide-open-her-mouth-shooting-selfie-on-the-front-camera.jpg,happy,success,
10-types-of-pain-722x406.jpg,pain,success,
21.jpg,pain,success,
613f334415655a7bd3f7866f_What-Causes-uper-left-back-pain.jpg,pain,success,
a-distraught-senior-asian-woman-feeling-unwell-suffering-from-pain-in-leg-while-sitting-on.jpg,pain,success,
a-dramatic-dark-closeup-portrait-of-a-young-woman.jpg,pain,success,
a-young-girl-is-sitting-on-the-couch-at-home-with-her-head-in-her-hands.jpg,pain,success,
afro-american-man-with-pain-in-gums.jpg,pain,success,
axial-pain-close-up-photo-of-a-hurting-woman-who-is-sitting-on-a-couch-and-holding-her-lower.jpg,pain,success,
back-pain-man-ThinkstockPhotos-511484476-square.jpg,pain,success,
businesswoman-with-headache.jpg,pain,success,
close-up-portrait-of-a-crying-woman-with-bruised-skin-and-black-eyes.jpg,pain,success,
dc1wpmg47uzjkuf6s4.jpg,pain,success,
dc2rq2x20htjbfwo5h.jpg,pain,success,
dcfe53c2qegcwzixxo.jpg,pain,success,
dcjqh15lunvxk3jur0.jpg,pain,success,
dczvc71zjwa8m2cv6z.jpg,pain,success,
dd27ta97t63sjxfner.jpg,pain,success,
ddz3ud58lk3b7ise17.jpg,pain,success,
dealing-with-a-bit-of-tension.jpg,pain,success,
dhwrquyvad1bnnwyr4.jpg,pain,success,
dkcdoniucgma3ljau4.jpg,pain,success,
dmwz2dsmqn1wx6757w.jpg,pain,success,
dnz8r16rduh2vxoigq.jpg,pain,success,
dos3optnd365otvthb.jpg,pain,success,
dplh2mypbk4tbtbh6i.jpg,pain,success,
drc4o22vooziv1yx01.jpg,pain,success,
drzbqqu4xwzi7shbiw.jpg,pain,success,
dsoxvx1zeyio30cqq1.jpg,pain,success,
dsrsw51o0iv6nwvkkv.jpg,pain,success,
dvmlvl8e3pbk54nvw5.jpg,pain,success,
dwcjwy6sknbte7kzvl.jpg,pain,success,
dx5vhcsqs3symylim6.jpg,pain,success,
dxp1qy3havhdoj14j6.jpg,pain,success,
dycpwd20tv6fj10wqr.jpg,pain,success,
dyw69dfugp42oekh3p.jpg,pain,success,
dzgd47s8gphnvix1et.jpg,pain,success,
dzhob8z0se8dzyrqbe.jpg,pain,success,
e0qq1z3hl4ncdgk8q2.jpg,pain,success,
e6bbhcl48oa8d1jev0.jpg,pain,success,
female-entrepreneur-with-headache-sitting-at-desk.jpg,pain,success,
frustrated-female-computer-programmer-with-head-in-hands-sitting-in-creative-office.jpg,pain,success,
frustrated-young-woman-with-her-eyes-closed.jpg,pain,failed,偵測到多於一張人臉 (2 張)
gettyimages-1019899766-612x612.jpg,pain,success,
gettyimages-1055486958-612x612.jpg,pain,success,
gettyimages-1055498222-612x612.jpg,pain,success,
gettyimages-1069726784-612x612.jpg,pain,success,
gettyimages-1083067844-612x612.jpg,pain,success,
gettyimages-1149197837-612x612.jpg,pain,success,
gettyimages-1166803768-612x612.jpg,pain,success,
gettyimages-1169153593-612x612.jpg,pain,success,
gettyimages-1185122144-612x612.jpg,pain,success,
gettyimages-1192546084-612x612.jpg,pain,success,
gettyimages-1199486680-612x612.jpg,pain,success,
gettyimages-1276613818-612x612.jpg,pain,success,
gettyimages-1296443449-612x612.jpg,pain,success,
gettyimages-1309562777-612x612.jpg,pain,success,
gettyimages-1310179682-612x612.jpg,pain,success,
gettyimages-1311280168-612x612.jpg,pain,success,
gettyimages-1352996897-612x612.jpg,pain,success,
gettyimages-1354565598-612x612.jpg,pain,success,
gettyimages-1385393478-612x612.jpg,pain,success,
gettyimages-1466041961-612x612.jpg,pain,success,
gettyimages-482147047-612x612.jpg,pain,failed,圖片相似度過高 (與同類別中已接受圖片的最大相似度: 0.92)
gettyimages-88689522-612x612.jpg,pain,success,
gettyimages-899449982-612x612.jpg,pain,success,
how-to-tell-when-period-pain-endometriosis-64b9554562ab5.jpg,pain,failed,偵測到多於一張人臉 (2 張)
i-think-i-hurt-my-shoulder-back-there.jpg,pain,success,
i-wonder-if-the-doctor-does-house-calls.jpg,pain,success,
istockphoto-1359197542-170667a.webp,pain,failed,檔案格式不符
istockphoto-1385393478-170667a.webp,pain,failed,檔案格式不符
istockphoto-1449105957-170667a.webp,pain,failed,檔案格式不符
istockphoto-1458303906-170667a.webp,pain,failed,檔案格式不符
istockphoto-1466041961-170667a.webp,pain,failed,檔案格式不符
istockphoto-1472480710-170667a.webp,pain,failed,檔案格式不符
mature-woman-with-headache-at-home.jpg,pain,success,
mid-adult-man-with-expression-feelings-on-his-face-studio-shot-series-in-pain-eyes-closed.jpg,pain,success,
neck-pain-right-side.jpg,pain,success,
Pain_share.jpg,pain,success,
Period-pain.jpg,pain,success,
pexels-photo-1277396.jpeg,pain,failed,偵測到多於一張人臉 (3 張)
pexels-photo-1930523 (1).jpeg,pain,success,
pexels-photo-3084762.jpeg,pain,success,
pexels-photo-3214210.jpeg,pain,success,
pexels-photo-3752834 (1).jpeg,pain,success,
pexels-photo-3752834.jpeg,pain,failed,圖片相似度過高 (與同類別中已接受圖片的最大相似度: 1.00)
pexels-photo-3760043.jpeg,pain,success,
pexels-photo-3771115 (1).jpeg,pain,success,
pexels-photo-3778964.jpeg,pain,success,
pexels-photo-3807730.jpeg,pain,success,
pexels-photo-3807733 (1).jpeg,pain,success,
pexels-photo-3808016.jpeg,pain,success,
pexels-photo-3808804.jpeg,pain,success,
pexels-photo-3812745.jpeg,pain,success,
pexels-photo-3812757.jpeg,pain,success,
pexels-photo-3974785.jpeg,pain,success,
pexels-photo-4064177.jpeg,pain,success,
pexels-photo-4584284.jpeg,pain,success,
pexels-photo-5979735.jpeg,pain,failed,圖片相似度過高 (與同類別中已接受圖片的最大相似度: 0.92)
pexels-photo-6975383.jpeg,pain,success,
pexels-photo-763219.jpeg,pain,success,
pexels-photo-897817.jpeg,pain,success,
photo-1585917138424-61cf3ee524d9.jpg,pain,success,
pic1.jpeg,pain,success,
pic106.jpg,pain,success,
pic180.jpg,pain,success,
pic199.jpg,pain,success,
pic2.jpeg,pain,success,
pic201.jpg,pain,success,
pic204.jpg,pain,success,
pic206.jpg,pain,success,
pic207.jpg,pain,success,
pic208.jpg,pain,success,
pic21.jpg,pain,success,
pic22.jpg,pain,success,
pic25.jpg,pain,success,
pic26.jpg,pain,success,
pic27.jpg,pain,success,
pic28.jpg,pain,success,
pic29.jpg,pain,success,
pic3.jpeg,pain,success,
pic32.jpg,pain,success,
pic37.jpg,pain,success,
pic38.jpg,pain,success,
pic39.jpg,pain,success,
pic4.jpeg,pain,success,
pic41.jpg,pain,failed,圖片相似度過高 (與同類別中已接受圖片的最大相似度: 0.96)
pic44.jpg,pain,success,
pic46.jpg,pain,failed,圖片相似度過高 (與同類別中已接受圖片的最大相似度: 0.99)
pic48.jpg,pain,success,
pic49.jpg,pain,success,
pic5.jpeg,pain,success,
pic52.jpg,pain,success,
pic53.jpg,pain,success,
pic54.jpg,pain,success,
pic55.jpg,pain,success,
pic58.jpg,pain,success,
pic59.jpg,pain,success,
pic6.jpeg,pain,success,
pic61.jpg,pain,failed,圖片相似度過高 (與同類別中已接受圖片的最大相似度: 0.97)
pic7.jpeg,pain,failed,圖片相似度過高 (與同類別中已接受圖片的最大相似度: 0.99)
pic80.jpg,pain,success,
pic81.jpg,pain,success,
pic87.jpg,pain,failed,圖片相似度過高 (與同類別中已接受圖片的最大相似度: 1.00)
pic9.jpeg,pain,success,
portrait-of-a-young-japanese-with-closed-eyes.jpg,pain,success,
portrait-of-real-chinese-adult-man-with-extreme-expression-and-eyes-closed.jpg,pain,success,
real-young-woman-with-pain-expression.jpg,pain,success,
sad-and-depressed-woman-sitting-on-sofa-at-home.jpg,pain,success,
scared-teenager-boy-mess-head-hands-covering-ears-eyes-closed-feeling-pain-headache-emotional-stress-anxiety-mental-scared-160529633.jpg,pain,success,
senior-asian-man-with-eyes-closed-holding-his-chest-in-discomfort-suffering-from-chest-pain.jpg,pain,success,
senior-asian-woman-rubbing-her-hands-in-discomfort-suffering-from-arthritis-in-her-hand-while.jpg,pain,failed,圖片相似度過高 (與同類別中已接受圖片的最大相似度: 1.00)
senior-woman-with-headache-sitting-in-the-bed-at-home.jpg,pain,success,
she-has-one-too-many-deadlines-to-deal-with.jpg,pain,success,
sleeping-with-next-pain-1200x630.jpg,pain,success,
The_science_of_pain.jpg,pain,success,
this-does-not-feel-normal.jpg,pain,success,
this-headache.jpg,pain,failed,圖片相似度過高 (與同類別中已接受圖片的最大相似度: 1.00)
thoughtful-stressed-young-man-with-a-mess-in-his-head.jpg,pain,failed,偵測到多於一張人臉 (2 張)
woman-closes-hear-ears-with-hands-due-to-noise-or-ache-in-the-ear-or-head-frowning-from-the.jpg,pain,success,
woman-holding-face-in-hands-eyes-closed.jpg,pain,success,
woman-in-pain.jpg,pain,failed,圖片相似度過高 (與同類別中已接受圖片的最大相似度: 0.91)
woman-suffering-an-anxiety-attack-alone-in-the-night.jpg,pain,failed,偵測到多於一張人臉 (2 張)
woman-suffering-from-stress-or-a-headache-grimacing-in-pain.jpg,pain,failed,圖片相似度過高 (與同類別中已接受圖片的最大相似度: 0.90)
woman-with-high-fever-at-home.jpg,pain,success,
worried-mature-man-standing-at-home-close-to-a-window-with-hand-in-the-head.jpg,pain,success,
young-black-man-having-pain.jpg,pain,success,
young-blonde-woman-over-isolated-background-touching-mouth-with-hand-with-painful-expression.jpg,pain,success,
young-woman-with-headache.jpg,pain,failed,圖片相似度過高 (與同類別中已接受圖片的最大相似度: 0.92)
00a79a525f8a099aa66bc032c5c285a44.jpg,sad,success,
057c423ea6de0355346d76dde73303b03.jpg,sad,success,
0a7c3c23f76218f763d6794e4db7eebc2.jpg,sad,success,
199d7127a3dc17bd31ddda1e70b655352.jpg,sad,success,
21a376476773bb49d79de31fe8c52be6.jpg,sad,failed,偵測到多於一張人臉 (5 張)
2d808f8478c2eb1c63605e3ffd961f5d2.jpg,sad,success,
30aa2bdf92bc3001bfe3750ccad350492.jpg,sad,success,
4b159ac2c148da44973f375b06304604.jpg,sad,success,
4ca85a8078ecffeb4e8258f3635451a2.jpg,sad,success,
4k-close-up-of-depressed-young-beautiful-asian-woman-sitting-alone-in-cafe-and-crying.jpg,sad,success,
521977cb1cd849bed54b8a4a08e6d5274.jpg,sad,success,
56bf60d2a383eaea3e04c0d30252992e.jpg,sad,success,
597159a536aec965e578ad1334b97965.jpg,sad,success,
61640415e8737f824c517057e3fba8964.jpg,sad,success,
6dfbb2c1044e9e4e41f888827a2c8e41.jpg,sad,success,
744d620d12b1e4cb96f80a20749a58c8.jpg,sad,success,
80e4e9c442fbca74b46e0a488364080a.jpg,sad,success,
825cd85e3153c216b803c85abe580fed.jpg,sad,success,
88b7f08dda66d90bff09b31195869d73.jpg,sad,success,
93fba7336de5490ba5be012b5adff3a4.jpg,sad,success,
96771ce8085ff2cdb888b0e70b385fa6.jpg,sad,success,
a-blind-young-child-is-wearing-black-glasses.jpg,sad,success,
a-man-portrait-of-interesting-facial-expression.jpg,sad,success,
a-mature-man-with-a-toothache.jpg,sad,success,
a-middle-aged-women-who-is-concerned.jpg,sad,success,
a-portrait-of-a-poor-child-from-india.jpg,sad,success,
a-portrait-of-a-sad-depressed-woman-black-and-white.jpg,sad,success,
a-portrait-of-an-african-girl-with-a-sad-expression.jpg,sad,success,
a-refugee-homeless-child-standing-in-a-dark-room-with-sad-expression.jpg,sad,success,
a-sad-afraid-woman-hiding-in-a-dark-closet-alone-at-home.jpg,sad,success,
a-stressed-out-woman-having-problems-depression.jpg,sad,success,
a-tear-running-down-a-young-beautiful-woman-face-macro.jpg,sad,success,
a-very-upset-woman-touching-her-hair.jpg,sad,success,
a-young-asian-woman-is-relaxing-on-the-bed.jpg,sad,success,
a-young-boy-in-a-red-shirt-is-bored-and-tired.jpg,sad,success,
a4f25011c5f087aab3be44a6e63b74075.jpg,sad,success,
a4f25011c5f087aab3be44a6e63b74078.jpg,sad,failed,圖片相似度過高 (與同類別中已接受圖片的最大相似度: 0.97)
acne-prone-skin-concept-sad-lady-looking-at-mirror-and-checking-her-face-skin-standing-in.jpg,sad,success,
adult-hispanic-man-over-isolated-background-depressed-and-worry-for-distress-crying-angry-and.jpg,sad,success,
african-american-black-male-college-student-stressed-and-overwhelmed-studying-in-front-of.jpg,sad,success,
african-girl.jpg,sad,failed,圖片相似度過高 (與同類別中已接受圖片的最大相似度: 0.93)
african-woman-sitting-at-home-hands-on-face.jpg,sad,success,
african-woman-sitting-on-couch-feels-unhappy-having-problems.jpg,sad,success,
afro-american-man-with-pain-in-gums.jpg,sad,success,
an-african-american-girl-in-her-mid-teens-stares-directly-at-the-camera-while-sitting-on-her.jpg,sad,success,
an-asian-chinese-mid-adult-man-looking-outside-of-window-from-his-home-during-sunset-with.jpg,sad,success,
an-old-man-covering-his-face-with-his-hands-in-grief.jpg,sad,success,
and-then-there-was-just-one.jpg,sad,success,
angry-little-girl.jpg,sad,success,
angry-young-woman-throwing-a-temper-tantrum.jpg,sad,success,
anxiety-depressed-lonely-melancholic-woman-with-crying-eyes-sitting-in-thoughts-alone-at-home.jpg,sad,success,
are-you-happy-with-the-life-youve-lived.jpg,sad,success,
asian-beautiful-women-feeling-confused-and-headache-in-blue-color-background-concept-of-hard.jpg,sad,success,
asian-chinese-mid-adult-man-looking-outside-of-window-from-his-home-during-sunset-with.jpg,sad,success,
asian-little-kid-covering-her-face-with-hands-showing-sad-expression.jpg,sad,success,
asian-man-screaming.jpg,sad,success,
asian-man-showing-sad-expression-while-holding-money-from-inside-his-car.jpg,sad,success,
asian-man-with-spectacles-in-perplexed-expression.jpg,sad,success,
asian-woman-having-problem-with-sunburn-on-face-checking-her-redness-skin-on-a-mirror.jpg,sad,success,
asian-woman-having-skin-problem-checking-her-face-with-dark-spot-freckle-from-uv-light.jpg,sad,failed,偵測到多於一張人臉 (2 張)
asian-young-adult-hipster.jpg,sad,success,
atopic-skin-concept-worried-young-woman-looking-at-mirror-and-touching-face.jpg,sad,success,
attitude-of-child.jpg,sad,success,
awkward-caucasian-woman-feeling-embarrassed-confused-nervous-before-exam.jpg,sad,success,
b746d80191e3e75971e02d2214a2499d3.jpg,sad,success,
baby-crying-at-lunch-time.jpg,sad,success,
baby-crying.jpg,sad,success,
baby-grimace.jpg,sad,success,
bad-days-come-and-go.jpg,sad,success,
bearded-construction-worker-wearing-hardhat.jpg,sad,success,
bearded-young-man.jpg,sad,success,
beaten-traumatized-man-in-black-t-shirt-with-bruises-and-abrasions-on-his-face-isolated-over.jpg,sad,success,
beautiful-and-sad-young-woman-looking-at-camera.jpg,sad,success,
beautiful-blue-eyed-brunette-standing-by-textured-wall-looks-sad.jpg,sad,success,
beautiful-emotional-woman.jpg,sad,success,
beautiful-emotional-woman2.jpg,sad,success,
beautiful-man-looking-suprised-and-bewildered-isolated-on-blue.jpg,sad,success,
beautiful-middle-age-woman-over-isolated-background-with-serious-expression-on-face-simple.jpg,sad,success,
beautiful-teenage-girl-sitting-on-the-floor-crying-family-problems-sexual-dysfunction.jpg,sad,success,
beautiful-woman-with-long-blonde-hair-looks-unhappy-as-she-sits-at-her-computer-in-an-office.jpg,sad,success,
beautiful-young-woman-looking-herself-in-the-mirror.jpg,sad,success,
black-and-white-shot-of-beautiful-girl.jpg,sad,success,
boy-crying-covered-his-face-with-his-hands-stressed-child-domestic-family-violence-and.jpg,sad,failed,圖片相似度過高 (與同類別中已接受圖片的最大相似度: 0.91)
brazilian-man-on-the-street.jpg,sad,success,
brunette-woman-suffering-from-the-heat-wiping-herself-off-with-a-paper-napkin.jpg,sad,success,
bugged-young-man-in-city-street-at-night-night-out-portrait.jpg,sad,success,
burnout-working-age-mental-health.jpg,sad,success,
businesswoman-feeling-stressed-in-office.jpg,sad,success,
caucasian-mature-woman-frustrating-while-sit-alone-on-bed-in-bedroom-attractive-old-female.jpg,sad,success,
caucasian-woman-looks-at-herself-in-the-mirror-and-is-upset-because-of-facial-wrinkles-on-her.jpg,sad,success,
cb1d46ca3ff9677a31995fde0593e8082.jpg,sad,success,
cb1d46ca3ff9677a31995fde0593e8083.jpg,sad,failed,圖片相似度過高 (與同類別中已接受圖片的最大相似度: 0.99)
cd67d76642f7fc711ee4ff0310642939.jpg,sad,success,
child-boy-crying-looking-at-the-camera.jpg,sad,success,
child-with-tears-young-girl-crying-sadness.jpg,sad,success,
children-kid-screaming-expression-on-white.jpg,sad,success,
chinese-child-with-sad-expression.jpg,sad,success,
cleaning-face.jpg,sad,failed,偵測到多於一張人臉 (2 張)
close-up-face-of-beautiful-woman.jpg,sad,success,
close-up-frustrated-child-boy-looking-away-sitting-in-a-shopping-cart.jpg,sad,success,
close-up-low-angle-view-of-sad-mature-adult-male-remembering-past-life-or-youthfulness.jpg,sad,success,
close-up-melancholy-young-adult-woman.jpg,sad,success,
close-up-of-a-lonely-retired-man.jpg,sad,success,
close-up-of-a-senior-man-with-a-tired-look-in-his-eyes.jpg,sad,success,
close-up-of-a-woman-crying-tears-streaming-down-her-face-concept-to-stop-violence-against.jpg,sad,success,
close-up-of-depressed-and-despaired-man.jpg,sad,failed,圖片相似度過高 (與同類別中已接受圖片的最大相似度: 0.93)
close-up-of-innocent-african-girl-with-sad-expression.jpg,sad,success,
close-up-of-pensive-black-woman-thinking-having-life-troubles.jpg,sad,success,
close-up-of-senior-man-looking-serious.jpg,sad,success,
close-up-of-teenager-with-depression-and-bulimia-standing-alone-in-grey-room-mental-problems.jpg,sad,success,
close-up-of-the-face-of-a-strong-asian-female-looking-at-camera-and-smiling-proud-woman.jpg,sad,success,
close-up-of-upset-sad-young-black-woman.jpg,sad,success,
close-up-of-worried-woman-looking-away.jpg,sad,success,
close-up-of-young-attractive-frustrated-latin-woman-in-stress-with-furious-face-looking-mad.jpg,sad,success,
close-up-photo-beautiful-she-her-lady-red-lipstick-hold-breath-full-mouth-air-ignore-not.jpg,sad,success,
close-up-photo-worried-senior-woman-mother-sitting-on-sofa-at-home-and-holding-phone-worries.jpg,sad,success,
close-up-picture-of-a-man-with-a-beard.jpg,sad,success,
close-up-portrait-of-a-crying-woman-with-bruised-skin-and-black-eyes.jpg,sad,success,
close-up-portrait-of-a-sad-elderly-african-american-woman-looking-at-the-camera.jpg,sad,success,
close-up-portrait-of-a-young-hipster-man-with-unhappy-expression-posing-being-upset-to-hear.jpg,sad,success,
close-up-portrait-of-blonde-caucasian-young-woman-looking-serious-at-camera-pretty-teenage.jpg,sad,success,
close-up-portrait-of-caucasian-sad-little-girl.jpg,sad,success,
close-up-portrait-of-crying-little-toddler-girl-with-outdoors-background-child.jpg,sad,success,
close-up-portrait-of-crying-young-afro-american-woman.jpg,sad,failed,偵測到多於一張人臉 (2 張)
close-up-portrait-of-crying-young-woman.jpg,sad,success,
close-up-portrait-of-serious-african-american-woman-with-braids-looking-pensive-at-camera.jpg,sad,success,
close-up-portrait-of-serious-joyless-female.jpg,sad,success,
close-up-shot-of-a-portrait-of-a-mid-adult-woman-crying-while-looking-at-camera-woman-in-pain.jpg,sad,success,
close-up-worried-middle-aged-woman-deep-in-sad-thoughts.jpg,sad,success,
closeup-face-frightened-girl-in-dark-hall-schoolgirl-standing-school-corridor.jpg,sad,success,
closeup-of-a-sad-senior-woman-thinking-lonely-widowed-lady-looking-unhappy-and-emotional.jpg,sad,success,
concept-of-fear-shame-domestic-violence.jpg,sad,failed,圖片相似度過高 (與同類別中已接受圖片的最大相似度: 0.90)
concerned-mature-man.jpg,sad,success,
concerned-mature-woman-looking-through-a-window.jpg,sad,success,
concerned-pensive-mature-woman-looking-away-and-looking-around.jpg,sad,success,
concerned-senior-man.jpg,sad,success,
concerned-serious-mature-woman.jpg,sad,success,
confident-man-in-red-hoodie.jpg,sad,success,
consoling-her-depressed-boyfriend.jpg,sad,success,
crying-baby-sitting-on-the-ground.jpg,sad,success,
crying-boy.jpg,sad,success,
crying-girl.jpg,sad,success,
crying-is-how-your-body-explains-the-pain-you-feel.jpg,sad,success,
crying-man-portrait.jpg,sad,success,
crying-old-woman-dries-her-eyes-with-hand.jpg,sad,success,
crying-woman-loneliness-in-the-wild.jpg,sad,success,
crying-woman.jpg,sad,success,
cute-asian-baby-girl-closing-her-face-and-playing-peekaboo-or-hide-and-seek.jpg,sad,success,
cute-little-crying-toddler-reaching-for-camera.jpg,sad,success,
d069b0eadd62c4e5bb7d9888e4d643944.jpg,sad,failed,圖片相似度過高 (與同類別中已接受圖片的最大相似度: 0.90)
d2d5cb4e2792daba9680d721e737f0ef4.jpg,sad,success,
d9b13208d300e56c1a0bb2e76a576258.jpg,sad,failed,圖片相似度過高 (與同類別中已接受圖片的最大相似度: 0.91)
dc15452857038e9716e05cdb701e457f.jpg,sad,success,
dea429e76ef19736c8cec8318c526e0a.jpg,sad,success,
dea429e76ef19736c8cec8318c526e0a2.jpg,sad,failed,圖片相似度過高 (與同類別中已接受圖片的最大相似度: 0.97)
dea429e76ef19736c8cec8318c526e0a3.jpg,sad,failed,圖片相似度過高 (與同類別中已接受圖片的最大相似度: 0.99)
dea429e76ef19736c8cec8318c526e0a4.jpg,sad,failed,圖片相似度過高 (與同類別中已接受圖片的最大相似度: 0.99)
depressed-beautiful-girl-cry.jpg,sad,success,
depressed-elderly-man-alone-in-the-dark.jpg,sad,success,
depressed-hispanic-girl-with-sad-emotions-and-feelings.jpg,sad,success,
depressed-lonely-senior-woman-covered-her-face-with-both-hands.jpg,sad,success,
depressed-man-praying-crying.jpg,sad,success,
depressed-woman-by-the-window.jpg,sad,success,
depressed-woman-eats-cake.jpg,sad,success,
depressed-woman-stretching-her-face-in-black-and-white.jpg,sad,success,
depressed-woman.jpg,sad,failed,圖片相似度過高 (與同類別中已接受圖片的最大相似度: 0.92)
depressed-young-woman-in-a-outdoors-the-girl-is-crying-woman-without-make-up.jpg,sad,success,
depressed-young-woman.jpg,sad,success,
depression-lonely-and-thinking-senior-woman-in-a-nursing-home-with-mental-health-problem-idea.jpg,sad,success,
depression-sad-and-senior-woman-by-window-looking-upset-lonely-and-unhappy-in-retirement-home.jpg,sad,success,
despaired-man-on-a-train.jpg,sad,failed,偵測到多於一張人臉 (2 張)
disappointed-young-african-american-woman-holding-smartphone-and-watching-at-the-phone-screen.jpg,sad,success,
discontent-biracial-lady-gesturing-face-palm-on-camera-against-yellow-background.jpg,sad,success,
doctor-covering-his-face-with-hands-while-colleague-comforting-him-in-hospital.jpg,sad,success,
e21mn5q3qdfpnalcek.jpg,sad,success,
e21tabvvmz4ngj0vol.jpg,sad,failed,偵測到多於一張人臉 (9 張)
e36aeimcqvo9pm2km1.jpg,sad,success,
e77f4zxn0r6wvqbg6w.jpg,sad,success,
ea0yyaa78k8j3yvjb3.jpg,sad,success,
ea4g15cexenqz583hl.jpg,sad,success,
ebl9wnuikzasspk1gx.jpg,sad,success,
ebpsbjqzfhd7efh00i.jpg,sad,failed,偵測到多於一張人臉 (2 張)
ed1s0f0ggre8uf1zl0.jpg,sad,success,
edknfl4d7l58nt06sm.jpg,sad,success,
edljzuhqosgdydkmeu.jpg,sad,success,
ee3ycqaetu7oi2ocfm.jpg,sad,success,
ee6uw8sslv124sssgu.jpg,sad,success,
eeaeqd7r7jbyb57mfd.jpg,sad,success,
eekvarqfyw7p7gcv3q.jpg,sad,failed,偵測到多於一張人臉 (3 張)
efazjbxquvu5z89euq.jpg,sad,success,
eg7hz8x28f71u9f6jf.jpg,sad,success,
egmcseixunts7or4pp.jpg,sad,success,
egnw6lbc92pja8wkok.jpg,sad,success,
eguo51wlqklizivon4.jpg,sad,success,
eh6fo5xazcnas1fxvw.jpg,sad,success,
eho28x5dr3ufzwqttt.jpg,sad,success,
ehxkf6tbaioe933rzs.jpg,sad,success,
eib1tkawb8o0fnixe5.jpg,sad,success,
eibhnbl82t00r46ufk.jpg,sad,success,
eicizjamovv03k3xcj.jpg,sad,success,
eid7047n4yxq75eqlx.jpg,sad,success,
ejg01p8jo4cvofip7t.jpg,sad,success,
eji8kqj204bif0h313.jpg,sad,success,
ejj2ox6poue4sylhv1.jpg,sad,success,
ejobu0tpihrjoe859u.jpg,sad,success,
eo03x1z3s7k3ltcivs.jpg,sad,success,
eo7doie87y0one22cw.jpg,sad,success,
es1e330nznobcurs4z.jpg,sad,success,
es1szlkoa1bc6u318b.jpg,sad,success,
ew7m8bfr7dwtrcztca.jpg,sad,success,
ewaj2utqgz25apyqb4.jpg,sad,failed,偵測到多於一張人臉 (3 張)
ezlocfvam39qkcjnce.jpg,sad,success,
ezudenkdouc419xarc.jpg,sad,success,
feeling-depressed-concept-exhausted-young-man-in-suit-covering-face-with-hand.jpg,sad,failed,圖片相似度過高 (與同類別中已接受圖片的最大相似度: 0.91)
feeling-down.jpg,sad,success,
happy-elder-watching-sunset.jpg,sad,success,
have-i-been-shut-out-by-the-outside-world.jpg,sad,success,
indoor-close-up-of-sad-asian-teenager-girl-sitting-near-window.jpg,sad,failed,圖片相似度過高 (與同類別中已接受圖片的最大相似度: 0.91)
indoor-close-up-portrait-of-beauty-asian-indian-serene-young-woman-sitting-near-the-window.jpg,sad,success,
little-girl-facial-expressions.jpg,sad,success,
low-key-portrait-of-red-haired-woman-with-freckles.jpg,sad,success,
middle-aged-woman-relaxed-outdoors-copy-space-slow-life-enjoying-the-little-things-spends.jpg,sad,success,
monochrome-portrait-of-a-poor-teenager-girl-looking-up.jpg,sad,success,
pexels-photo-1091659.jpeg,sad,success,
